112,Java-Expert,.NET-Intermediate,330,999,0
457,Java-Expert,.NET-Beginner,999,998,0
759,Java-Expert,Java-Beginner,722,996,0
592,Java-Expert,Java-Beginner,720,995,0
561,Java-Expert,Java-Beginner,716,994,0
150,Java-Expert,Java-Intermediate,994,993,0
634,Java-Expert,Java-Intermediate,992,991,0
531,Java-Expert,Java-Intermediate,991,990,0
424,Java-Expert,Java-Intermediate,990,989,0
812,Java-Expert,.NET-Beginner,987,986,0
202,Java-Expert,.NET-Beginner,986,985,0
155,Java-Expert,.NET-Beginner,985,984,0
715,Java-Expert,.NET-Beginner,984,983,0
229,Java-Expert,.NET-Intermediate,329,925,0
153,Java-Expert,.NET-Intermediate,328,924,0
255,Java-Expert,.NET-Intermediate,1000,923,0
710,Java-Expert,.NET-Intermediate,327,922,0
454,Java-Expert,.NET-Beginner,908,907,0
152,Java-Expert,.NET-Beginner,907,906,0
834,Java-Expert,.NET-Beginner,906,905,0
445,Java-Expert,.NET-Beginner,905,904,0
506,Java-Expert,.NET-Beginner,903,902,0
760,Java-Expert,.NET-Beginner,897,896,0
258,Java-Expert,.NET-Beginner,896,895,0
783,Java-Expert,.NET-Beginner,895,894,0
242,Java-Expert,.NET-Beginner,894,893,0
142,Java-Expert,.NET-Beginner,872,871,0
233,Java-Expert,.NET-Beginner,871,870,0
803,Java-Expert,.NET-Beginner,870,869,0
825,Java-Expert,.NET-Beginner,869,868,0
1133,Java-Intermediate,Java-Intermediate,815,814,0
2001,Java-Intermediate,Java-Intermediate,521,520,0
1970,Java-Intermediate,Java-Intermediate,522,521,0
1156,Java-Intermediate,Java-Intermediate,516,515,0
1881,Java-Intermediate,Java-Intermediate,814,813,0
1636,Java-Intermediate,Java-Intermediate,809,808,0
1247,Java-Intermediate,.NET-Beginner,868,867,0
1913,Java-Intermediate,Java-Intermediate,751,750,0
1796,Java-Intermediate,Java-Intermediate,750,749,0
1276,Java-Intermediate,Java-Intermediate,514,513,0
1823,Java-Intermediate,Java-Intermediate,500,499,0
1030,Java-Intermediate,Java-Intermediate,499,498,0
1118,Java-Intermediate,Java-Intermediate,274,273,0
2131,Java-Intermediate,Java-Intermediate,752,751,0
967,Java-Intermediate,Java-Intermediate,273,272,0
1827,Java-Intermediate,Java-Intermediate,272,271,0
1825,Java-Intermediate,Java-Intermediate,808,807,0
1572,Java-Intermediate,Java-Intermediate,264,263,0
1116,Java-Intermediate,Java-Intermediate,263,262,0
1956,Java-Intermediate,Java-Intermediate,506,505,0
1537,Java-Intermediate,Java-Intermediate,208,207,0
1152,Java-Intermediate,Java-Intermediate,207,206,0
1623,Java-Intermediate,Java-Intermediate,515,514,0
1487,Java-Intermediate,Java-Intermediate,206,205,0
1313,Java-Intermediate,Java-Intermediate,205,204,0
2063,Java-Intermediate,Java-Intermediate,501,500,0
1687,Java-Intermediate,Java-Intermediate,204,203,0
1323,Java-Intermediate,Java-Intermediate,203,202,0
1720,Java-Intermediate,Java-Intermediate,505,504,0
1533,Java-Intermediate,Java-Intermediate,178,177,0
2199,Java-Beginner,Java-Beginner,523,578,0
2324,Java-Beginner,.NET-Beginner,867,866,0
2919,Java-Beginner,.NET-Intermediate,866,865,0
2298,Java-Beginner,.NET-Expert,864,863,0
3927,Java-Beginner,Java-Beginner,526,581,0
3374,Java-Beginner,.NET-Beginner,853,852,0
3939,Java-Beginner,Java-Beginner,525,580,0
2598,Java-Beginner,.NET-Beginner,852,851,0
3268,Java-Beginner,.NET-Beginner,851,850,0
3592,Java-Beginner,Java-Beginner,511,84,0
2658,Java-Beginner,.NET-Beginner,845,844,0
3425,Java-Beginner,.NET-Beginner,844,843,0
2177,Java-Beginner,Java-Beginner,816,517,0
2334,Java-Beginner,Java-Beginner,202,817,0
2877,Java-Beginner,Java-Beginner,201,816,0
2409,Java-Beginner,Java-Beginner,200,815,0
3608,Java-Beginner,Java-Beginner,524,579,0
3128,Java-Beginner,Java-Beginner,199,812,0
1927,Java-Beginner,Java-Beginner,810,510,0
2342,Java-Beginner,Java-Beginner,198,811,0
2312,Java-Beginner,Java-Beginner,197,810,0
2768,Java-Beginner,Java-Beginner,89,809,0
3409,Java-Beginner,Java-Beginner,512,85,0
2235,Java-Beginner,Java-Beginner,712,582,0
3364,Java-Beginner,Java-Beginner,88,806,0
3661,Java-Beginner,Java-Beginner,817,518,0
2653,Java-Beginner,Java-Beginner,87,805,0
3326,Java-Beginner,Java-Beginner,692,503,0
3002,Java-Beginner,Java-Beginner,86,804,0
2311,Java-Beginner,Java-Beginner,85,752,0
3281,Java-Beginner,Java-Beginner,84,716,0
2712,Java-Beginner,Java-Beginner,83,711,0
3636,Java-Beginner,Java-Beginner,690,502,0
3142,Java-Beginner,Java-Beginner,513,86,0
3230,Java-Beginner,Java-Beginner,82,691,0
3631,Java-Beginner,Java-Beginner,687,501,0
2756,Java-Beginner,Java-Beginner,81,689,0
3690,Java-Beginner,Java-Beginner,80,686,0
2657,Java-Beginner,.NET-Beginner,843,842,0
3789,Java-Beginner,.NET-Beginner,842,841,0
702,Java-Expert,.NET-Beginner,841,840,0
509,Java-Expert,.NET-Beginner,840,839,0
811,Java-Expert,.NET-Beginner,839,838,0
173,Java-Expert,Java-Expert,1,0,0
325,Java-Expert,.NET-Beginner,838,837,0
223,Java-Expert,.NET-Beginner,837,836,0
726,Java-Expert,.NET-Beginner,836,835,0
288,Java-Expert,Java-Beginner,997,789,0
208,Java-Expert,Java-Beginner,996,788,0
786,Java-Expert,Java-Beginner,995,787,0
571,Java-Expert,Java-Beginner,989,786,0
746,Java-Expert,Java-Beginner,988,785,0
316,Java-Expert,Java-Expert,468,533,0
659,Java-Expert,Java-Expert,467,527,0
301,Java-Expert,Java-Expert,465,467,0
734,Java-Expert,Java-Expert,534,466,0
583,Java-Expert,Java-Expert,528,464,0
452,Java-Expert,Java-Expert,136,135,0
665,Java-Expert,Java-Expert,51,50,0
166,Java-Expert,Java-Beginner,790,784,0
1888,Java-Intermediate,Java-Intermediate,352,261,0
1765,Java-Intermediate,Java-Intermediate,726,743,0
968,Java-Intermediate,Java-Intermediate,271,723,0
2253,Java-Intermediate,Java-Intermediate,725,742,0
1740,Java-Intermediate,Java-Intermediate,709,684,0
963,Java-Intermediate,Java-Intermediate,536,356,0
945,Java-Intermediate,Java-Intermediate,539,528,0
1745,Java-Intermediate,Java-Intermediate,6,5,0
1003,Java-Intermediate,Java-Intermediate,3,2,0
845,Java-Intermediate,Java-Intermediate,5,4,0
1590,Java-Intermediate,Java-Intermediate,4,3,0
1523,Java-Intermediate,Java-Intermediate,2,1,0
1039,Java-Intermediate,Java-Intermediate,744,543,0
987,Java-Intermediate,Java-Intermediate,530,354,0
1794,Java-Intermediate,Java-Intermediate,353,268,0
1724,Java-Intermediate,Java-Intermediate,547,540,0
859,Java-Intermediate,Java-Intermediate,546,539,0
1891,Java-Intermediate,Java-Intermediate,356,294,0
1879,Java-Intermediate,Java-Intermediate,355,270,0
856,Java-Intermediate,Java-Intermediate,354,269,0
2130,Java-Intermediate,Java-Intermediate,379,297,0
1978,Java-Intermediate,Java-Intermediate,378,296,0
992,Java-Intermediate,Java-Intermediate,545,538,0
974,Java-Intermediate,Java-Intermediate,544,537,0
925,Java-Intermediate,Java-Intermediate,543,536,0
1464,Java-Intermediate,Java-Intermediate,542,535,0
1066,Java-Intermediate,Java-Intermediate,541,530,0
1696,Java-Intermediate,Java-Intermediate,540,529,0
2220,Java-Intermediate,Java-Intermediate,724,725,0
985,Java-Intermediate,Java-Intermediate,538,378,0
957,Java-Intermediate,Java-Intermediate,537,377,0
1695,Java-Intermediate,Java-Intermediate,685,541,0
1771,Java-Intermediate,Java-Intermediate,531,355,0
2184,Java-Intermediate,Java-Intermediate,723,724,0
927,Java-Intermediate,Java-Intermediate,529,353,0
988,Java-Intermediate,Java-Intermediate,139,352,0
901,Java-Intermediate,Java-Intermediate,138,351,0
1639,Java-Intermediate,Java-Intermediate,137,298,0
1379,Java-Intermediate,Java-Intermediate,270,722,0
2219,Java-Intermediate,Java-Expert,783,782,0
601,Java-Expert,Java-Expert,782,781,0
547,Java-Expert,.NET-Intermediate,36,773,0
226,Java-Expert,Java-Expert,268,755,0
354,Java-Expert,Java-Expert,179,748,0
345,Java-Expert,Java-Expert,69,747,0
487,Java-Expert,.NET-Beginner,742,741,0
503,Java-Expert,.NET-Beginner,741,740,0
379,Java-Expert,.NET-Beginner,740,739,0
330,Java-Expert,.NET-Beginner,739,738,0
555,Java-Expert,.NET-Intermediate,608,607,0
342,Java-Expert,.NET-Expert,902,602,0
558,Java-Expert,.NET-Beginner,599,598,0
456,Java-Expert,.NET-Beginner,598,597,0
736,Java-Expert,Java-Intermediate,578,577,0
228,Java-Expert,Java-Intermediate,557,556,0
733,Java-Expert,Java-Expert,749,534,0
377,Java-Expert,Java-Expert,756,497,0
620,Java-Expert,Java-Expert,748,496,0
290,Java-Expert,Java-Expert,103,274,0
682,Java-Expert,Java-Expert,535,267,0
3362,Java-Beginner,Java-Intermediate,556,555,0
2000,Java-Beginner,Java-Intermediate,555,554,0
3652,Java-Beginner,Java-Beginner,394,316,0
2055,Java-Beginner,Java-Beginner,393,315,0
2469,Java-Beginner,Java-Beginner,392,314,0
3963,Java-Beginner,Java-Beginner,391,313,0
2278,Java-Beginner,Java-Beginner,314,265,0
3065,Java-Beginner,Java-Beginner,313,264,0
2556,Java-Beginner,Java-Beginner,312,76,0
3117,Java-Beginner,Java-Beginner,390,312,0
3551,Java-Beginner,Java-Beginner,389,311,0
3458,Java-Beginner,Java-Beginner,388,310,0
3361,Java-Beginner,Java-Beginner,311,75,0
3522,Java-Beginner,Java-Beginner,594,385,0
3246,Java-Beginner,Java-Beginner,595,386,0
3386,Java-Beginner,Java-Beginner,596,387,0
2099,Java-Beginner,Java-Beginner,597,388,0
3166,Java-Beginner,Java-Beginner,387,309,0
3693,Java-Beginner,Java-Beginner,386,308,0
3866,Java-Beginner,Java-Beginner,385,307,0
3144,Java-Beginner,Java-Beginner,310,74,0
2466,Java-Beginner,Java-Beginner,384,306,0
3274,Java-Beginner,Java-Beginner,383,305,0
2232,Java-Beginner,Java-Beginner,382,304,0
3837,Java-Beginner,Java-Beginner,381,303,0
3033,Java-Beginner,Java-Beginner,380,302,0
3010,Java-Beginner,Java-Beginner,309,73,0
2616,Java-Beginner,Java-Beginner,64,58,0
3258,Java-Beginner,Java-Beginner,63,57,0
2306,Java-Beginner,Java-Beginner,62,56,0
3593,Java-Beginner,Java-Beginner,61,55,0
3051,Java-Beginner,Java-Beginner,60,54,0
3459,Java-Beginner,Java-Beginner,318,301,0
2035,Java-Beginner,Java-Beginner,317,300,0
3243,Java-Beginner,Java-Beginner,265,744,0
3559,Java-Beginner,Java-Beginner,266,745,0
3509,Java-Beginner,Java-Beginner,267,746,0
3494,Java-Beginner,Java-Beginner,308,72,0
3674,Java-Beginner,Java-Beginner,307,71,0
1976,Java-Beginner,Java-Beginner,316,299,0
3175,Java-Beginner,Java-Beginner,315,266,0
3305,Java-Beginner,Java-Beginner,586,201,0
2363,Java-Beginner,Java-Beginner,49,47,0
2036,Java-Beginner,Java-Beginner,48,46,0
4322,Java-Beginner,Java-Beginner,47,45,0
3329,Java-Beginner,Java-Beginner,306,70,0
3111,Java-Beginner,Java-Beginner,593,384,0
2093,Java-Beginner,Java-Beginner,592,383,0
4563,Java-Beginner,Java-Beginner,591,382,0
3876,Java-Beginner,Java-Beginner,747,391,0
3081,Java-Beginner,Java-Beginner,746,390,0
3048,Java-Beginner,Java-Beginner,590,381,0
3665,Java-Beginner,Java-Beginner,589,380,0
2195,Java-Beginner,Java-Beginner,588,379,0
2207,Java-Beginner,Java-Beginner,587,317,0
3997,Java-Beginner,Java-Beginner,585,200,0
3726,Java-Beginner,Java-Beginner,584,199,0
3917,Java-Beginner,Java-Beginner,510,83,0
3400,Java-Beginner,Java-Beginner,583,198,0
3467,Java-Beginner,Java-Beginner,582,197,0
3612,Java-Beginner,Java-Beginner,508,81,0
3344,Java-Beginner,Java-Beginner,581,196,0
3823,Java-Beginner,Java-Beginner,509,82,0
3776,Java-Beginner,Java-Beginner,53,67,0
3678,Java-Beginner,Java-Beginner,52,66,0
3502,Java-Beginner,Java-Beginner,504,79,0
2287,Java-Beginner,Java-Beginner,745,389,0
3032,Java-Beginner,Java-Beginner,580,88,0
3643,Java-Beginner,Java-Beginner,77,596,0
3641,Java-Beginner,Java-Beginner,76,595,0
2089,Android-Beginner,Android-Beginner,43,42,0
406,.NET-Intermediate,.NET-Intermediate,893,892,0
676,.NET-Intermediate,.NET-Intermediate,865,864,0
1261,.NET-Intermediate,.NET-Intermediate,823,822,0
1987,iOS-Beginner,Java-Intermediate,554,553,0
1356,.NET-Intermediate,.NET-Intermediate,821,820,0
1998,Android-Beginner,Android-Beginner,42,41,0
762,.NET-Intermediate,.NET-Intermediate,819,818,0
2033,Android-Beginner,Android-Beginner,41,40,0
732,.NET-Intermediate,.NET-Intermediate,796,795,0
1510,Android-Expert,Java-Intermediate,553,552,0
893,Android-Expert,Android-Expert,104,103,0
1222,iOS-Expert,.NET-Beginner,481,480,0
1475,iOS-Expert,.NET-Beginner,480,479,0
1638,Android-Beginner,Android-Beginner,40,39,0
1669,Java-Intermediate,Java-Intermediate,95,94,0
1846,Android-Beginner,Android-Beginner,127,126,0
1628,Java-Intermediate,Java-Intermediate,94,93,0
976,iOS-Expert,iOS-Expert,105,104,0
1015,.NET-Intermediate,.NET-Intermediate,794,793,0
1930,iOS-Beginner,.NET-Beginner,479,478,0
744,.NET-Intermediate,.NET-Intermediate,792,791,0
1741,iOS-Beginner,.NET-Beginner,478,477,0
1114,.NET-Intermediate,.NET-Intermediate,779,778,0
669,.NET-Intermediate,.NET-Intermediate,374,373,0
1350,iOS-Intermediate,.NET-Beginner,477,476,0
1483,iOS-Intermediate,.NET-Beginner,434,433,0
1147,iOS-Intermediate,iOS-Intermediate,118,288,0
1307,iOS-Intermediate,iOS-Intermediate,289,276,0
997,iOS-Intermediate,iOS-Intermediate,106,117,0
3424,Java-Beginner,Java-Beginner,75,594,0
3140,Java-Beginner,Java-Beginner,74,593,0
3617,Java-Beginner,Java-Beginner,73,592,0
3655,Java-Beginner,Java-Beginner,72,591,0
3291,Java-Beginner,Java-Beginner,811,511,0
3945,Java-Beginner,Java-Beginner,71,590,0
3430,Java-Beginner,Java-Beginner,70,589,0
3194,Java-Beginner,Java-Beginner,59,588,0
3109,Java-Beginner,Java-Beginner,58,587,0
3207,Java-Beginner,Java-Beginner,805,507,0
2356,Java-Beginner,Java-Beginner,57,586,0
2601,Java-Beginner,Java-Beginner,517,522,0
3116,Java-Beginner,Java-Beginner,79,585,0
3152,Java-Beginner,Java-Beginner,518,523,0
3035,Java-Beginner,Java-Beginner,78,584,0
3259,Java-Beginner,.NET-Beginner,433,432,0
3310,Java-Beginner,Java-Beginner,717,583,0
4533,Java-Beginner,Java-Beginner,56,393,0
3653,Java-Beginner,.NET-Beginner,432,431,0
3477,Java-Beginner,.NET-Beginner,431,430,0
234,Java-Expert,Java-Expert,680,679,0
227,Java-Expert,Java-Expert,679,678,0
151,Java-Expert,Java-Expert,754,753,0
363,Java-Expert,Java-Expert,532,531,0
266,Java-Expert,Java-Expert,140,139,0
206,Java-Expert,Java-Expert,50,49,0
315,Java-Expert,Java-Expert,30,29,0
187,Java-Expert,Java-Expert,29,28,0
464,Java-Expert,Java-Expert,28,27,0
269,Java-Expert,Java-Expert,27,26,0
784,Java-Expert,Java-Expert,681,680,0
585,Java-Expert,Java-Expert,498,259,0
458,Java-Expert,Java-Expert,497,178,0
806,Java-Expert,.NET-Beginner,430,429,0
894,Java-Intermediate,Java-Intermediate,552,551,0
1161,Java-Intermediate,Java-Intermediate,551,550,0
1376,Java-Intermediate,Java-Intermediate,550,549,0
959,Java-Intermediate,Java-Intermediate,549,548,0
1129,Java-Intermediate,Java-Intermediate,548,547,0
943,Java-Intermediate,Java-Intermediate,533,532,0
1157,Java-Intermediate,Java-Intermediate,141,140,0
1034,Java-Intermediate,Java-Intermediate,758,757,0
1005,Java-Intermediate,Java-Intermediate,757,756,0
1762,Java-Intermediate,Java-Intermediate,683,682,0
2057,Java-Intermediate,Java-Intermediate,755,754,0
1283,Java-Intermediate,Java-Intermediate,54,544,0
1080,Java-Intermediate,Java-Intermediate,743,542,0
1027,Java-Intermediate,Java-Intermediate,269,708,0
1065,Java-Intermediate,Java-Intermediate,262,546,0
1453,Java-Intermediate,Java-Intermediate,707,706,0
2245,iOS-Beginner,.NET-Intermediate,427,425,0
1339,iOS-Beginner,.NET-Intermediate,426,424,0
1607,Android-Intermediate,Android-Intermediate,288,287,0
1544,Android-Intermediate,Android-Intermediate,276,275,0
1346,Android-Intermediate,Android-Intermediate,107,106,0
1752,Android-Intermediate,.NET-Intermediate,424,423,0
1272,Java-Intermediate,Java-Intermediate,710,709,0
1552,Android-Intermediate,.NET-Intermediate,423,422,0
2136,Android-Beginner,.NET-Intermediate,422,421,0
1890,Android-Beginner,.NET-Intermediate,421,420,0
1833,Android-Beginner,Android-Beginner,125,124,0
1719,Android-Beginner,.NET-Intermediate,425,419,0
1388,Java-Intermediate,Java-Intermediate,734,733,0
907,Java-Intermediate,Java-Intermediate,733,732,0
1342,Java-Intermediate,Java-Intermediate,732,731,0
1406,Java-Intermediate,Java-Intermediate,731,730,0
983,Java-Intermediate,Java-Intermediate,682,681,0
1673,Java-Intermediate,Java-Intermediate,730,729,0
1787,Android-Beginner,Android-Beginner,186,185,0
1302,Java-Intermediate,Java-Intermediate,261,545,0
3640,Java-Beginner,Java-Beginner,804,803,0
2112,Java-Beginner,Java-Beginner,713,712,0
2552,Java-Beginner,Java-Beginner,803,802,0
2640,Java-Beginner,Java-Beginner,802,801,0
3893,Java-Beginner,Java-Beginner,801,800,0
2856,Java-Beginner,Java-Beginner,305,69,0
3347,Java-Beginner,Java-Beginner,800,799,0
2366,Java-Beginner,Java-Beginner,799,798,0
2725,Java-Beginner,Java-Beginner,304,63,0
2348,Java-Beginner,Java-Beginner,303,62,0
3304,Java-Beginner,Java-Beginner,798,797,0
3108,Java-Beginner,Java-Beginner,761,760,0
2217,Java-Beginner,Java-Beginner,697,696,0
3181,Java-Beginner,Java-Beginner,760,759,0
2459,Java-Beginner,Java-Beginner,759,758,0
2638,Java-Beginner,Java-Beginner,695,694,0
2654,Java-Beginner,Java-Beginner,302,61,0
1947,Java-Beginner,Java-Beginner,301,60,0
2746,Java-Beginner,Java-Beginner,693,692,0
2419,Java-Beginner,Java-Beginner,688,687,0
3023,Java-Beginner,Java-Beginner,576,575,0
2100,Java-Beginner,Java-Beginner,300,59,0
2555,Java-Beginner,Java-Beginner,575,574,0
3000,Java-Beginner,Java-Beginner,574,573,0
1921,Java-Beginner,Java-Beginner,686,685,0
4567,Java-Beginner,Java-Beginner,573,572,0
3881,Java-Beginner,Java-Beginner,572,571,0
2404,Java-Beginner,Java-Beginner,571,570,0
2602,Java-Beginner,Java-Beginner,570,569,0
2292,Java-Beginner,Java-Beginner,569,568,0
2542,Java-Beginner,Java-Beginner,568,567,0
3456,Java-Beginner,Java-Beginner,567,566,0
2623,Java-Beginner,Java-Beginner,566,565,0
2516,Java-Beginner,Java-Beginner,565,564,0
2336,Java-Beginner,Java-Beginner,564,563,0
2683,Java-Beginner,Java-Beginner,563,562,0
2478,Java-Beginner,Java-Beginner,562,561,0
2301,Java-Beginner,Java-Beginner,561,560,0
2382,Java-Beginner,Java-Beginner,560,559,0
2291,Java-Beginner,Java-Beginner,559,558,0
3498,Java-Beginner,Java-Beginner,558,557,0
2574,Java-Beginner,Java-Beginner,21,65,0
2828,Java-Beginner,Java-Beginner,715,714,0
2700,Java-Beginner,Java-Beginner,20,64,0
2557,Java-Beginner,Java-Beginner,19,52,0
2331,Java-Beginner,Java-Beginner,579,87,0
3897,Java-Beginner,Java-Beginner,55,392,0
2750,Java-Beginner,Java-Beginner,718,717,0
3564,Java-Beginner,Java-Beginner,721,720,0
2309,Java-Beginner,Java-Beginner,719,718,0
214,Java-Expert,Java-Expert,134,133,0
156,Java-Expert,Java-Expert,142,141,0
128,Java-Expert,Java-Expert,275,102,0
747,Java-Expert,Java-Expert,260,68,0
847,Java-Intermediate,Java-Intermediate,577,576,0
1254,Java-Intermediate,Java-Intermediate,527,526,0
1826,Java-Intermediate,Java-Intermediate,135,134,0
1340,Java-Intermediate,.NET-Intermediate,420,418,0
1492,Java-Intermediate,Java-Intermediate,698,697,0
1480,Android-Beginner,Android-Beginner,123,122,0
1885,Android-Beginner,Android-Beginner,121,120,0
2221,Android-Beginner,Android-Beginner,187,186,0
1951,iOS-Beginner,.NET-Expert,764,371,0
1964,iOS-Beginner,iOS-Beginner,190,189,0
2170,iOS-Beginner,iOS-Beginner,191,190,0
1980,iOS-Beginner,iOS-Beginner,189,188,0
1857,iOS-Beginner,iOS-Beginner,126,125,0
2088,Android-Beginner,Android-Beginner,185,184,0
1646,Java-Intermediate,Java-Intermediate,684,683,0
2037,iOS-Beginner,iOS-Beginner,124,123,0
1370,iOS-Beginner,iOS-Beginner,122,121,0
1472,iOS-Beginner,iOS-Beginner,120,119,0
1909,iOS-Beginner,iOS-Beginner,188,187,0
2982,Java-Beginner,Java-Beginner,11,10,0
3102,Java-Beginner,Java-Beginner,10,9,0
2754,Java-Beginner,Java-Beginner,9,8,0
2454,Java-Beginner,Java-Beginner,507,80,0
3016,Java-Beginner,Java-Beginner,503,78,0
3518,Java-Beginner,Java-Beginner,68,19,0
2399,Java-Beginner,Java-Beginner,67,18,0
2596,Java-Beginner,Java-Beginner,66,17,0
3189,Java-Beginner,Java-Beginner,65,16,0
2729,Java-Beginner,Java-Beginner,46,44,0
3860,Java-Beginner,Java-Beginner,45,43,0
2867,Java-Beginner,Java-Beginner,44,20,0
2900,Java-Beginner,Java-Beginner,502,77,0
3787,Java-Beginner,Java-Beginner,18,51,0
2888,Java-Beginner,Java-Beginner,17,48,0
2881,Java-Beginner,Java-Beginner,520,525,0
3472,Java-Beginner,Java-Beginner,519,524,0
2341,Java-Beginner,Java-Beginner,818,519,0
3986,Java-Beginner,Java-Beginner,813,516,0
3594,Java-Beginner,Java-Beginner,812,512,0
2670,Java-Beginner,Java-Beginner,807,509,0
3382,Java-Beginner,Java-Beginner,806,508,0
2644,Java-Beginner,.Net-Intermediate,334,333,0
3401,Java-Beginner,.Net-Intermediate,333,332,0
3367,Java-Beginner,.Net-Intermediate,332,331,0
2106,Java-Beginner,.Net-Intermediate,331,330,0
3237,Java-Beginner,Java-Beginner,753,506,0
244,Java-Expert,Java-Expert,781,780,0
438,Java-Expert,Java-Expert,109,677,0
451,Java-Expert,Java-Expert,108,676,0
1165,Java-Intermediate,Java-Intermediate,993,992,0
941,Java-Intermediate,Java-Intermediate,729,728,0
1515,Java-Intermediate,Java-Intermediate,728,727,0
1844,Java-Intermediate,Java-Intermediate,727,726,0
871,Java-Intermediate,Java-Intermediate,708,707,0
2029,Java-Beginner,Java-Beginner,789,783,0
2008,Java-Beginner,Java-Beginner,788,721,0
2630,Java-Beginner,Java-Beginner,787,719,0
2860,Java-Beginner,Java-Beginner,784,710,0
3300,.NET-Beginner,.NET-Beginner,429,428,0
2376,.NET-Beginner,.NET-Beginner,962,961,0
1990,.NET-Beginner,.NET-Beginner,428,427,0
3447,.NET-Beginner,.NET-Beginner,961,960,0
2701,.NET-Beginner,.NET-Beginner,343,342,0
2361,.NET-Beginner,.NET-Beginner,348,347,0
2280,.NET-Beginner,.NET-Beginner,951,950,0
2380,.NET-Beginner,.NET-Beginner,998,997,0
2412,.NET-Beginner,.NET-Beginner,950,949,0
450,.NET-Beginner,.NET-Beginner,850,849,0
2525,.NET-Beginner,.NET-Beginner,347,346,0
3620,.NET-Beginner,.NET-Beginner,342,341,0
2483,.NET-Beginner,.NET-Beginner,849,848,0
408,.NET-Beginner,.NET-Beginner,848,847,0
3009,.NET-Beginner,.NET-Beginner,346,345,0
2740,Java-Beginner,Java-Beginner,786,715,0
2277,Java-Beginner,Java-Beginner,696,695,0
2224,Java-Beginner,Java-Beginner,714,988,0
3649,Java-Beginner,Java-Beginner,694,693,0
2772,Java-Beginner,Java-Beginner,785,713,0
2425,Java-Beginner,Java-Beginner,691,690,0
2604,Java-Beginner,Java-Beginner,711,987,0
2872,Java-Beginner,Java-Beginner,689,688,0
2038,.NET-Beginner,.NET-Beginner,738,737,0
3816,.NET-Beginner,.NET-Beginner,737,736,0
2696,.NET-Beginner,.NET-Beginner,736,735,0
3685,.NET-Beginner,.NET-Beginner,706,705,0
3625,.NET-Beginner,.NET-Beginner,705,704,0
3922,.NET-Beginner,.NET-Beginner,700,699,0
3245,.NET-Beginner,.NET-Beginner,676,675,0
3947,.NET-Beginner,.NET-Beginner,675,674,0
3886,.NET-Beginner,.NET-Beginner,674,673,0
2707,.NET-Beginner,.NET-Beginner,672,671,0
3314,.NET-Beginner,.NET-Beginner,671,670,0
2685,.NET-Beginner,.NET-Beginner,641,640,0
2528,.NET-Beginner,.NET-Beginner,673,672,0
3212,.NET-Beginner,.NET-Beginner,670,669,0
3907,.NET-Beginner,.NET-Beginner,493,492,0
123,.NET-Expert,.NET-Expert,873,872,0
493,.NET-Expert,.NET-Expert,644,643,0
176,.NET-Expert,.NET-Expert,210,209,0
2615,.NET-Beginner,.NET-Beginner,345,344,0
993,.NET-Intermediate,.NET-Intermediate,979,978,0
1460,.NET-Intermediate,.NET-Intermediate,900,899,0
1045,.NET-Intermediate,.NET-Intermediate,978,977,0
520,.NET-Intermediate,.NET-Intermediate,977,976,0
545,.NET-Expert,.NET-Expert,146,145,0
491,.NET-Intermediate,.NET-Intermediate,976,975,0
1866,.NET-Intermediate,.NET-Intermediate,975,974,0
1219,.NET-Intermediate,.NET-Intermediate,974,973,0
1335,.NET-Intermediate,.NET-Intermediate,973,972,0
431,.NET-Expert,.NET-Expert,148,147,0
249,.NET-Expert,.NET-Expert,143,142,0
543,.NET-Expert,.NET-Expert,101,100,0
3883,.NET-Beginner,.NET-Beginner,344,343,0
2047,.NET-Beginner,.NET-Beginner,341,340,0
3097,.NET-Beginner,.NET-Beginner,340,339,0
522,.NET-Expert,.NET-Expert,100,99,0
787,.NET-Beginner,.NET-Beginner,339,338,0
2256,.NET-Intermediate,.NET-Intermediate,899,898,0
475,.NET-Beginner,.NET-Beginner,949,948,0
383,.NET-Expert,.NET-Expert,463,462,0
3570,.NET-Beginner,.NET-Beginner,338,337,0
432,.NET-Expert,.NET-Expert,464,463,0
667,.NET-Beginner,.NET-Beginner,847,846,0
748,.NET-Intermediate,.NET-Intermediate,972,971,0
2716,.NET-Beginner,.NET-Beginner,283,282,0
2884,.NET-Beginner,.NET-Beginner,282,281,0
707,.NET-Intermediate,.NET-Intermediate,971,970,0
680,.NET-Intermediate,.NET-Intermediate,901,900,0
1324,.NET-Intermediate,.NET-Intermediate,780,328,0
1753,.NET-Intermediate,.NET-Intermediate,409,408,0
1424,.NET-Intermediate,.NET-Intermediate,408,407,0
1311,.NET-Intermediate,.NET-Intermediate,407,406,0
1385,.NET-Intermediate,.NET-Intermediate,829,828,0
490,.NET-Intermediate,.NET-Intermediate,406,405,0
1390,.NET-Intermediate,.NET-Intermediate,405,404,0
1782,.NET-Intermediate,.NET-Intermediate,830,829,0
1420,.NET-Intermediate,.NET-Intermediate,375,374,0
1863,.NET-Intermediate,.NET-Beginner,324,323,0
1727,.NET-Intermediate,.NET-Beginner,323,322,0
546,.NET-Intermediate,.NET-Beginner,322,321,0
936,.NET-Intermediate,.NET-Beginner,321,320,0
1296,.NET-Intermediate,.NET-Beginner,320,319,0
1859,.NET-Intermediate,.NET-Beginner,319,318,0
1423,.NET-Intermediate,Java-Intermediate,357,295,0
1265,.NET-Intermediate,.NET-Beginner,294,293,0
635,.NET-Intermediate,.NET-Beginner,293,292,0
1563,.NET-Intermediate,.NET-Beginner,292,291,0
569,.NET-Intermediate,.NET-Beginner,291,290,0
1183,.NET-Intermediate,Java-Intermediate,299,260,0
1554,.NET-Intermediate,.Net-Expert,239,238,0
2139,.NET-Intermediate,.NET-Expert,154,153,0
876,.NET-Intermediate,.NET-Intermediate,26,25,0
575,.NET-Intermediate,.NET-Intermediate,967,966,0
860,.NET-Intermediate,.NET-Intermediate,968,967,0
823,.NET-Intermediate,.NET-Intermediate,969,968,0
1155,.NET-Intermediate,.NET-Intermediate,970,969,0
3896,.NET-Beginner,.NET-Beginner,862,861,0
3695,.NET-Beginner,.NET-Beginner,861,860,0
2582,.NET-Beginner,.NET-Beginner,651,650,0
3817,.NET-Beginner,.NET-Beginner,369,368,0
2731,.NET-Beginner,.NET-Beginner,368,367,0
2386,.NET-Beginner,.NET-Beginner,367,366,0
3503,.NET-Beginner,.NET-Beginner,366,365,0
2915,.NET-Beginner,.NET-Beginner,860,859,0
3278,.NET-Beginner,.NET-Beginner,859,858,0
3360,.NET-Beginner,.NET-Beginner,858,857,0
2694,.NET-Beginner,.NET-Beginner,365,364,0
2656,.NET-Beginner,.NET-Beginner,364,363,0
3915,.NET-Beginner,.NET-Beginner,857,856,0
2818,.NET-Beginner,.NET-Beginner,363,362,0
2868,.NET-Beginner,.NET-Beginner,362,361,0
2920,.NET-Beginner,.NET-Beginner,650,649,0
2347,.NET-Beginner,.NET-Beginner,856,855,0
3324,.NET-Beginner,.NET-Beginner,446,445,0
2903,.NET-Beginner,.NET-Beginner,652,651,0
2509,.NET-Beginner,.NET-Beginner,653,652,0
2446,.NET-Beginner,.NET-Beginner,654,653,0
3407,.NET-Beginner,.NET-Beginner,655,654,0
2408,.NET-Beginner,.NET-Beginner,656,655,0
2984,.NET-Beginner,.NET-Beginner,361,360,0
3474,.NET-Beginner,.NET-Beginner,445,444,0
3103,.NET-Beginner,.NET-Beginner,444,443,0
3541,.NET-Beginner,.NET-Beginner,855,854,0
2422,.NET-Beginner,.NET-Beginner,649,648,0
3434,.NET-Beginner,.NET-Beginner,854,853,0
2957,.NET-Beginner,.NET-Beginner,648,647,0
3020,.NET-Beginner,.NET-Beginner,647,646,0
2763,.NET-Beginner,.NET-Beginner,646,645,0
3800,.NET-Beginner,.NET-Beginner,645,644,0
3982,.NET-Beginner,.NET-Beginner,476,475,0
2807,.NET-Beginner,.NET-Beginner,475,474,0
4689,.NET-Beginner,.NET-Beginner,474,473,0
2651,.NET-Beginner,.NET-Beginner,473,472,0
3231,.NET-Beginner,.NET-Beginner,472,471,0
2489,.NET-Beginner,.NET-Beginner,471,470,0
4003,.NET-Beginner,.NET-Beginner,470,469,0
625,.NET-Expert,.NET-Expert,34,879,0
576,.NET-Expert,.NET-Expert,417,285,0
391,.NET-Expert,.NET-Expert,875,769,0
730,.NET-Expert,.NET-Expert,414,284,0
303,.NET-Expert,.NET-Expert,876,874,0
742,.NET-Expert,.NET-Expert,877,875,0
768,.NET-Expert,.NET-Expert,879,876,0
469,.NET-Expert,.NET-Expert,880,878,0
178,.NET-Expert,.NET-Expert,413,33,0
529,.NET-Expert,.NET-Expert,770,762,0
695,.NET-Expert,.NET-Expert,287,413,0
831,.NET-Expert,.NET-Expert,286,412,0
670,.NET-Expert,.NET-Expert,285,286,0
750,.NET-Expert,.NET-Expert,763,416,0
678,.NET-Expert,.NET-Expert,184,183,0
673,.NET-Expert,Java-Intermediate,298,138,0
400,.NET-Intermediate,.NET-Intermediate,373,372,0
1084,.NET-Intermediate,.NET-Intermediate,371,370,0
804,.NET-Intermediate,.NET-Intermediate,776,775,0
772,.NET-Intermediate,.NET-Intermediate,769,768,0
521,.NET-Intermediate,.NET-Intermediate,765,764,0
335,.NET-Intermediate,.NET-Intermediate,623,622,0
579,.NET-Intermediate,.NET-Intermediate,622,621,0
656,.NET-Intermediate,.NET-Intermediate,621,620,0
1185,.NET-Intermediate,.NET-Intermediate,620,619,0
1520,.NET-Intermediate,.NET-Intermediate,619,618,0
1613,.NET-Intermediate,.NET-Intermediate,618,617,0
1534,.NET-Intermediate,.NET-Intermediate,773,772,0
1074,.NET-Intermediate,.NET-Intermediate,617,616,0
567,.NET-Intermediate,.NET-Intermediate,616,615,0
641,.NET-Intermediate,.NET-Intermediate,615,614,0
355,.NET-Intermediate,.NET-Intermediate,614,613,0
675,.NET-Intermediate,.NET-Intermediate,613,612,0
486,.NET-Expert,.NET-Expert,110,763,0
574,.NET-Intermediate,.NET-Intermediate,612,611,0
790,.NET-Expert,.NET-Expert,372,149,0
607,.NET-Expert,.NET-Expert,150,151,0
797,.NET-Intermediate,.NET-Intermediate,611,610,0
671,.NET-Intermediate,.NET-Intermediate,610,609,0
621,.NET-Expert,.NET-Expert,152,369,0
1689,.NET-Intermediate,.NET-Intermediate,326,921,0
1769,.NET-Intermediate,.NET-Intermediate,325,920,0
1801,.NET-Intermediate,.NET-Intermediate,777,327,0
1369,.NET-Intermediate,.NET-Intermediate,926,919,0
984,.NET-Intermediate,.NET-Intermediate,925,918,0
868,.NET-Intermediate,.NET-Intermediate,924,917,0
1029,.NET-Intermediate,.NET-Intermediate,923,916,0
1132,.NET-Intermediate,.NET-Intermediate,922,915,0
1253,.NET-Intermediate,.NET-Intermediate,921,914,0
956,.NET-Intermediate,.NET-Intermediate,920,913,0
1257,.NET-Intermediate,.NET-Intermediate,919,912,0
1617,.NET-Intermediate,.NET-Intermediate,918,911,0
1514,.NET-Intermediate,.NET-Intermediate,917,910,0
1861,.NET-Intermediate,.NET-Intermediate,916,909,0
1761,.NET-Intermediate,.NET-Intermediate,915,891,0
1498,.NET-Intermediate,.NET-Intermediate,914,888,0
1616,.NET-Intermediate,.NET-Intermediate,913,885,0
916,.NET-Intermediate,.NET-Intermediate,912,882,0
1875,.NET-Intermediate,.NET-Intermediate,911,779,0
970,.NET-Intermediate,.NET-Intermediate,910,776,0
1756,.NET-Intermediate,.NET-Intermediate,415,34,0
1800,.NET-Intermediate,.NET-Intermediate,416,35,0
1574,.NET-Intermediate,.NET-Intermediate,774,326,0
1249,.NET-Intermediate,.NET-Intermediate,892,767,0
1547,.NET-Intermediate,.NET-Intermediate,889,415,0
1301,.NET-Intermediate,.NET-Intermediate,886,414,0
1606,.NET-Intermediate,.NET-Intermediate,771,325,0
1449,.NET-Intermediate,.NET-Intermediate,883,329,0
863,.NET-Intermediate,.NET-Intermediate,768,324,0
1901,.NET-Intermediate,.NET-Intermediate,35,770,0
1158,.NET-Intermediate,.NET-Intermediate,909,908,0
1218,.NET-Intermediate,.NET-Intermediate,419,417,0
1477,.NET-Intermediate,.NET-Intermediate,37,890,0
1588,.NET-Intermediate,.NET-Intermediate,891,887,0
1457,.NET-Intermediate,.NET-Intermediate,888,884,0
1873,.NET-Intermediate,.NET-Intermediate,885,881,0
1186,.NET-Intermediate,.NET-Intermediate,835,833,0
1683,.NET-Intermediate,.NET-Intermediate,834,832,0
1653,.NET-Intermediate,.NET-Intermediate,833,426,0
1445,.NET-Intermediate,.NET-Intermediate,882,834,0
2650,.NET-Beginner,.NET-Beginner,942,941,0
3711,.NET-Beginner,.NET-Beginner,943,942,0
2865,.NET-Beginner,.NET-Beginner,944,943,0
653,.NET-Beginner,.NET-Beginner,945,944,0
1723,.NET-Beginner,.NET-Beginner,946,945,0
619,.NET-Beginner,.NET-Beginner,947,946,0
685,.NET-Beginner,.NET-Beginner,948,947,0
532,.NET-Beginner,.NET-Beginner,337,336,0
418,.NET-Beginner,.NET-Beginner,281,280,0
3689,.NET-Beginner,.NET-Beginner,278,277,0
2690,.NET-Beginner,.NET-Beginner,952,951,0
3614,.NET-Beginner,.NET-Beginner,336,335,0
2201,.NET-Beginner,.NET-Beginner,953,952,0
3940,.NET-Beginner,.NET-Beginner,954,953,0
2736,.NET-Beginner,.NET-Beginner,955,954,0
3378,.NET-Beginner,.NET-Beginner,956,955,0
3451,.NET-Beginner,.NET-Beginner,957,956,0
3088,.NET-Beginner,.NET-Beginner,284,283,0
3454,.NET-Beginner,.NET-Beginner,958,957,0
2614,.NET-Beginner,.NET-Beginner,959,958,0
298,.NET-Expert,.NET-Expert,663,901,0
608,.NET-Expert,.NET-Expert,603,831,0
318,.NET-Expert,.NET-Expert,495,465,0
313,.NET-Expert,.NET-Expert,494,447,0
749,.NET-Expert,.NET-Expert,496,481,0
563,.NET-Expert,.NET-Expert,602,830,0
652,.NET-Expert,.NET-Expert,484,208,0
518,.NET-Expert,.NET-Expert,483,150,0
649,.NET-Expert,.NET-Expert,482,144,0
785,.NET-Expert,.NET-Expert,209,143,0
168,.NET-Expert,.NET-Expert,832,600,0
195,.NET-Expert,.NET-Expert,601,761,0
553,.NET-Expert,.NET-Expert,600,662,0
753,.NET-Expert,.NET-Expert,466,601,0
172,.NET-Expert,.NET-Expert,762,495,0
279,.NET-Expert,.NET-Expert,151,493,0
645,.NET-Expert,.NET-Expert,145,483,0
801,.NET-Expert,.NET-Expert,144,482,0
465,.NET-Expert,.NET-Expert,448,494,0
224,.NET-Expert,.NET-Expert,831,599,0
995,.NET-Intermediate,.NET-Intermediate,662,827,0
1793,.NET-Intermediate,.NET-Intermediate,661,826,0
1380,.NET-Intermediate,.NET-Intermediate,660,825,0
2090,.NET-Intermediate,.NET-Intermediate,15,14,0
1274,.NET-Intermediate,.NET-Intermediate,659,824,0
1119,.NET-Intermediate,.NET-Intermediate,658,823,0
1564,.NET-Intermediate,.NET-Intermediate,657,821,0
1160,.NET-Intermediate,.NET-Intermediate,242,819,0
1175,.NET-Intermediate,.NET-Intermediate,241,796,0
1651,.NET-Intermediate,.NET-Intermediate,232,794,0
1500,.NET-Intermediate,.NET-Intermediate,231,792,0
1902,.NET-Intermediate,.NET-Intermediate,224,790,0
1820,.NET-Intermediate,.NET-Intermediate,223,777,0
1971,.NET-Intermediate,.NET-Intermediate,14,13,0
1289,.NET-Intermediate,.NET-Intermediate,222,774,0
1012,.NET-Intermediate,.NET-Intermediate,221,771,0
1648,.NET-Intermediate,.NET-Intermediate,828,625,0
2091,.NET-Intermediate,.NET-Intermediate,13,12,0
1135,.NET-Intermediate,.NET-Intermediate,827,624,0
1786,.NET-Intermediate,.NET-Intermediate,826,623,0
1297,.NET-Intermediate,.NET-Intermediate,193,766,0
1599,.NET-Intermediate,.NET-Intermediate,192,765,0
1300,.NET-Intermediate,.NET-Intermediate,630,665,0
1198,.NET-Intermediate,.NET-Intermediate,629,664,0
1714,.NET-Intermediate,.NET-Intermediate,628,663,0
1371,.NET-Intermediate,.NET-Intermediate,627,661,0
1123,.NET-Intermediate,.NET-Intermediate,626,660,0
1069,.NET-Intermediate,.NET-Intermediate,625,659,0
996,.NET-Intermediate,.NET-Intermediate,212,113,0
915,.NET-Intermediate,.NET-Intermediate,214,130,0
979,.NET-Intermediate,.NET-Intermediate,213,127,0
1963,.NET-Intermediate,.NET-Intermediate,12,11,0
1991,.NET-Intermediate,.NET-Intermediate,211,111,0
1485,.NET-Intermediate,.NET-Intermediate,624,658,0
1819,.NET-Intermediate,.NET-Intermediate,825,448,0
1131,.NET-Intermediate,.NET-Intermediate,182,657,0
1138,.NET-Intermediate,.NET-Intermediate,131,656,0
1693,.NET-Intermediate,.NET-Intermediate,824,446,0
2218,.NET-Intermediate,.NET-Intermediate,822,241,0
2101,.NET-Intermediate,.NET-Intermediate,820,240,0
1091,.NET-Intermediate,.NET-Intermediate,797,231,0
2167,.NET-Intermediate,.NET-Intermediate,795,230,0
1125,.NET-Intermediate,.NET-Intermediate,793,223,0
1434,.NET-Intermediate,.NET-Intermediate,128,629,0
1657,.NET-Intermediate,.NET-Intermediate,791,222,0
1692,.NET-Intermediate,.NET-Intermediate,447,146,0
2156,.NET-Intermediate,.NET-Intermediate,778,221,0
1399,.NET-Intermediate,.NET-Intermediate,153,181,0
1117,.NET-Intermediate,.NET-Intermediate,149,152,0
2070,.NET-Intermediate,.NET-Intermediate,147,148,0
1567,.NET-Intermediate,.NET-Intermediate,114,628,0
1839,.NET-Intermediate,.NET-Intermediate,775,220,0
1229,.NET-Intermediate,.NET-Intermediate,112,627,0
1244,.NET-Intermediate,.NET-Intermediate,449,626,0
1627,.NET-Intermediate,.NET-Intermediate,666,210,0
1730,.NET-Intermediate,.NET-Intermediate,665,192,0
2266,.NET-Intermediate,.NET-Intermediate,772,213,0
1250,.NET-Intermediate,.NET-Intermediate,664,191,0
1813,.NET-Intermediate,.NET-Intermediate,767,212,0
1325,.NET-Intermediate,.NET-Intermediate,766,211,0
978,.NET-Intermediate,Java-Intermediate,297,137,0
1087,.NET-Intermediate,Java-Intermediate,296,136,0
1867,.NET-Intermediate,Android-Intermediate,119,118,0
1926,.NET-Intermediate,.NET-Expert,370,109,0
1525,.NET-Intermediate,Java-Expert,678,108,0
1812,.NET-Intermediate,Java-Expert,677,107,0
1047,.NET-Intermediate,iOS-Intermediate,277,105,0
1191,.NET-Intermediate,.NET-Expert,102,101,0
2212,.NET-Intermediate,Android-Intermediate,99,98,0
1347,.NET-Intermediate,Android-Intermediate,98,97,0
1278,.NET-Intermediate,Android-Intermediate,97,96,0
1784,.NET-Intermediate,Android-Intermediate,96,95,0
1061,.NET-Intermediate,Java-Intermediate,93,92,0
1331,.NET-Intermediate,Java-Intermediate,92,91,0
1228,.NET-Intermediate,.NET-Intermediate,898,897,0
1421,.NET-Intermediate,Java-Intermediate,91,90,0
2023,.NET-Intermediate,Java-Intermediate,90,89,0
897,.NET-Intermediate,Java-Intermediate,295,53,0
1446,.NET-Intermediate,iOS-Intermediate,39,38,0
1336,.NET-Intermediate,iOS-Intermediate,38,37,0
3804,.NET-Beginner,.NET-Beginner,492,491,0
3302,.NET-Beginner,.NET-Beginner,491,490,0
2549,.NET-Beginner,.NET-Beginner,490,489,0
3346,.NET-Beginner,.NET-Beginner,489,488,0
3187,.NET-Beginner,.NET-Beginner,488,487,0
3747,.NET-Beginner,.NET-Beginner,487,486,0
3618,.NET-Beginner,.NET-Beginner,486,485,0
3875,.NET-Beginner,.NET-Beginner,485,484,0
3215,.NET-Beginner,.NET-Beginner,443,442,0
3732,.NET-Beginner,.NET-Beginner,442,441,0
3383,.NET-Beginner,.NET-Beginner,441,440,0
3580,.NET-Beginner,.NET-Beginner,440,439,0
3266,.NET-Beginner,.NET-Beginner,439,438,0
3746,.NET-Beginner,.NET-Beginner,437,436,0
3106,.NET-Beginner,.NET-Beginner,436,435,0
2835,.NET-Beginner,.NET-Beginner,435,434,0
3868,.NET-Beginner,.NET-Beginner,395,394,0
2176,.NET-Beginner,.NET-Beginner,396,395,0
3942,.NET-Beginner,.NET-Beginner,397,396,0
3206,.NET-Beginner,.NET-Beginner,398,397,0
2728,.NET-Beginner,.NET-Beginner,399,398,0
3920,.NET-Beginner,.NET-Beginner,400,399,0
2004,.NET-Beginner,.NET-Beginner,401,400,0
2645,.NET-Beginner,.NET-Beginner,402,401,0
3599,.NET-Beginner,.NET-Beginner,438,437,0
3118,.NET-Beginner,.NET-Beginner,403,402,0
2326,.NET-Beginner,.NET-Beginner,404,403,0
3336,.NET-Beginner,.NET-Beginner,377,376,0
2109,.NET-Beginner,.NET-Beginner,376,375,0
3852,.NET-Beginner,.NET-Beginner,360,359,0
2964,.NET-Beginner,.NET-Beginner,359,358,0
2529,.NET-Beginner,.NET-Beginner,358,357,0
3682,.NET-Beginner,.NET-Beginner,351,350,0
3422,.NET-Beginner,.NET-Beginner,350,349,0
3004,.NET-Beginner,.NET-Beginner,349,348,0
2894,.NET-Beginner,.NET-Beginner,216,215,0
3536,.NET-Beginner,.NET-Beginner,215,214,0
2022,.NET-Beginner,.NET-Beginner,460,459,0
3703,.NET-Beginner,.NET-Beginner,461,460,0
3808,.NET-Beginner,.NET-Beginner,462,461,0
3455,.NET-Beginner,.NET-Beginner,469,468,0
3566,.NET-Beginner,.NET-Beginner,631,630,0
2145,.NET-Beginner,.NET-Beginner,632,631,0
2393,.NET-Beginner,.NET-Beginner,633,632,0
2708,.NET-Beginner,.NET-Beginner,634,633,0
2801,.NET-Beginner,.NET-Beginner,635,634,0
2741,.NET-Beginner,.NET-Beginner,636,635,0
2016,.NET-Beginner,.NET-Beginner,637,636,0
3201,.NET-Beginner,.NET-Beginner,638,637,0
3864,.NET-Beginner,.NET-Beginner,639,638,0
3749,.NET-Beginner,.NET-Beginner,640,639,0
2806,.NET-Beginner,.NET-Beginner,669,668,0
2554,.NET-Beginner,.NET-Beginner,642,641,0
3358,.NET-Beginner,.NET-Beginner,643,642,0
3999,.NET-Beginner,.NET-Beginner,459,458,0
3764,.NET-Beginner,.NET-Beginner,458,457,0
3849,.NET-Beginner,.NET-Beginner,457,456,0
2902,.NET-Beginner,.NET-Beginner,668,667,0
3121,.NET-Beginner,.NET-Beginner,667,666,0
2448,.NET-Beginner,.NET-Beginner,456,455,0
3146,.NET-Beginner,.NET-Beginner,455,454,0
3342,.NET-Beginner,.NET-Beginner,454,453,0
2118,.NET-Beginner,.NET-Beginner,453,452,0
4578,.NET-Beginner,.NET-Beginner,452,451,0
2335,.NET-Beginner,.NET-Beginner,451,450,0
3377,.NET-Beginner,.NET-Beginner,450,449,0
3737,.NET-Beginner,.NET-Beginner,259,258,0
3699,.NET-Beginner,.NET-Beginner,258,257,0
2573,.NET-Beginner,.NET-Beginner,257,256,0
3657,.NET-Beginner,.NET-Beginner,256,255,0
3865,.NET-Beginner,.NET-Beginner,254,253,0
3263,.NET-Beginner,.NET-Beginner,251,250,0
2495,.NET-Beginner,.NET-Beginner,250,249,0
2142,.NET-Beginner,.NET-Beginner,249,248,0
3821,.NET-Beginner,.NET-Beginner,248,247,0
3805,.NET-Beginner,.NET-Beginner,247,246,0
2727,.NET-Beginner,.NET-Beginner,246,245,0
3337,.NET-Beginner,.NET-Beginner,245,244,0
2823,.NET-Beginner,.NET-Beginner,177,176,0
2617,.NET-Beginner,.NET-Beginner,176,175,0
2778,.NET-Beginner,.NET-Beginner,704,703,0
2942,.NET-Beginner,.NET-Beginner,703,702,0
2878,.NET-Beginner,.NET-Beginner,175,174,0
3916,.NET-Beginner,.NET-Beginner,174,173,0
3828,.NET-Beginner,.NET-Beginner,173,172,0
3667,.NET-Beginner,.NET-Beginner,699,698,0
3771,.NET-Beginner,.NET-Beginner,172,171,0
3924,.NET-Beginner,.NET-Beginner,164,163,0
3964,.NET-Beginner,.NET-Beginner,117,116,0
3228,.NET-Beginner,.NET-Beginner,163,162,0
2890,.NET-Beginner,.NET-Beginner,702,701,0
2491,.NET-Beginner,.NET-Beginner,162,161,0
2767,.NET-Beginner,.NET-Beginner,161,160,0
2646,.NET-Beginner,.NET-Beginner,701,700,0
2587,.NET-Beginner,.NET-Beginner,160,159,0
2128,.NET-Beginner,.NET-Beginner,159,158,0
2853,.NET-Beginner,.NET-Beginner,158,157,0
2925,.NET-Beginner,.NET-Beginner,735,734,0
3392,.NET-Beginner,.NET-Beginner,244,243,0
3809,.NET-Beginner,.NET-Beginner,243,242,0
241,.NET-Expert,.NET-Expert,183,182,0
274,.NET-Expert,.NET-Expert,155,154,0
515,.NET-Expert,.NET-Expert,180,179,0
1551,.NET-Intermediate,.NET-Intermediate,609,608,0
986,.NET-Intermediate,.NET-Intermediate,240,239,0
1792,.NET-Intermediate,.NET-Intermediate,217,216,0
1459,.NET-Intermediate,.NET-Intermediate,181,180,0
1078,.NET-Intermediate,.NET-Intermediate,130,129,0
881,.NET-Intermediate,.NET-Intermediate,607,606,0
1850,.NET-Intermediate,.NET-Intermediate,606,605,0
1231,.NET-Intermediate,.NET-Intermediate,111,110,0
1803,.NET-Intermediate,.NET-Intermediate,156,155,0
1702,.NET-Intermediate,.NET-Intermediate,157,156,0
1403,.NET-Intermediate,.NET-Intermediate,604,603,0
1436,.NET-Intermediate,.NET-Intermediate,605,604,0
2262,.NET-Beginner,.NET-Beginner,113,112,0
2317,.NET-Beginner,.NET-Beginner,129,128,0
2204,.NET-Beginner,.NET-Beginner,165,164,0
3567,.NET-Beginner,.NET-Beginner,166,165,0
2944,.NET-Beginner,.NET-Beginner,236,235,0
3250,.NET-Beginner,.NET-Beginner,167,166,0
2897,.NET-Beginner,.NET-Beginner,237,236,0
3287,.NET-Beginner,.NET-Beginner,238,237,0
2050,.NET-Beginner,.NET-Beginner,411,410,0
2730,.NET-Beginner,.NET-Beginner,410,409,0
3646,.NET-Beginner,.NET-Beginner,252,251,0
3745,.NET-Beginner,.NET-Beginner,218,217,0
3105,.NET-Beginner,.NET-Beginner,133,132,0
2550,.NET-Beginner,.NET-Beginner,132,131,0
3585,.NET-Beginner,.NET-Beginner,116,115,0
4632,.NET-Beginner,.NET-Beginner,412,411,0
3974,.NET-Beginner,.NET-Beginner,115,114,0
3781,.NET-Beginner,.NET-Beginner,219,218,0
3222,.NET-Beginner,.NET-Beginner,220,219,0
2364,.NET-Beginner,.NET-Beginner,225,224,0
3597,.NET-Beginner,.NET-Beginner,226,225,0
3293,.NET-Beginner,.NET-Beginner,227,226,0
2784,.NET-Beginner,.NET-Beginner,228,227,0
3558,.NET-Beginner,.NET-Beginner,229,228,0
3733,.NET-Beginner,.NET-Beginner,230,229,0
3813,.NET-Beginner,.NET-Beginner,233,232,0
3820,.NET-Beginner,.NET-Beginner,234,233,0
2200,.NET-Beginner,.NET-Beginner,235,234,0
3680,.NET-Beginner,.NET-Beginner,846,845,0
2420,.NET-Beginner,.NET-Beginner,904,903,0
3163,.NET-Beginner,.NET-Beginner,253,252,0
2724,.NET-Beginner,.NET-Beginner,255,254,0
3727,.NET-Beginner,.NET-Beginner,196,195,0
2813,.NET-Beginner,.NET-Beginner,195,194,0
3391,.NET-Beginner,.NET-Beginner,194,193,0
286,.NET-Expert,.NET-Expert,874,873,0
251,.NET-Expert,.NET-Expert,878,877,0
511,.NET-Expert,.NET-Intermediate,418,36,0
687,.NET-Expert,.NET-Intermediate,31,30,0
349,.NET-Expert,.NET-Beginner,25,24,0
1707,.NET-Intermediate,.NET-Intermediate,863,862,0
2127,.NET-Intermediate,.NET-Intermediate,930,929,0
2264,.NET-Intermediate,.NET-Intermediate,929,928,0
2126,.NET-Intermediate,.NET-Intermediate,928,927,0
1851,.NET-Intermediate,.NET-Intermediate,927,926,0
1895,.NET-Intermediate,.NET-Intermediate,890,889,0
944,.NET-Intermediate,.NET-Intermediate,887,886,0
1214,.NET-Intermediate,.NET-Intermediate,884,883,0
1330,.NET-Intermediate,.NET-Intermediate,881,880,0
1176,.NET-Intermediate,.NET-Beginner,24,23,0
1136,.NET-Intermediate,.NET-Beginner,23,22,0
1294,.NET-Intermediate,.NET-Beginner,22,21,0
1360,.NET-Intermediate,.NET-Beginner,16,15,0
1754,.NET-Intermediate,Android-Expert,8,7,0
1849,.NET-Intermediate,Android-Expert,7,6,0
2569,.NET-Beginner,.NET-Beginner,960,959,0
2899,.NET-Beginner,.NET-Beginner,280,279,0
2639,.NET-Beginner,.NET-Beginner,279,278,0
2847,.NET-Beginner,.NET-Beginner,963,962,0
3192,.NET-Beginner,.NET-Beginner,964,963,0
3978,.NET-Beginner,.NET-Beginner,965,964,0
2082,.NET-Beginner,.NET-Beginner,966,965,0
2761,.NET-Beginner,.NET-Beginner,171,170,0
2666,.NET-Beginner,.NET-Beginner,170,169,0
2991,.NET-Beginner,.NET-Beginner,169,168,0
2672,.NET-Beginner,.NET-Beginner,335,334,0
3785,.NET-Beginner,.NET-Beginner,168,167,0
3790,.NET-Beginner,.NET-Beginner,33,32,0
3969,.NET-Beginner,.NET-Beginner,32,31,0
3759,.NET-Beginner,.NET-Beginner,290,289,0
2830,.NET-Beginner,.NET-Beginner,983,982,0
3092,.NET-Beginner,.NET-Beginner,932,931,0
2449,.NET-Beginner,.NET-Beginner,933,932,0
3349,.NET-Beginner,.NET-Beginner,934,933,0
2183,.NET-Beginner,.NET-Beginner,931,930,0
2017,.NET-Beginner,.NET-Beginner,935,934,0
2019,.NET-Beginner,.NET-Beginner,936,935,0
2809,.NET-Beginner,.NET-Beginner,937,936,0
2155,.NET-Beginner,.NET-Beginner,938,937,0
2969,.NET-Beginner,.NET-Beginner,939,938,0
3211,.NET-Beginner,.NET-Beginner,940,939,0
3901,.NET-Beginner,.NET-Beginner,941,940,0
2831,.NET-Beginner,.NET-Beginner,980,979,0
2228,.NET-Beginner,.NET-Beginner,981,980,0
2929,.NET-Beginner,.NET-Beginner,982,981,0
